-- phpMyAdmin SQL Dump
-- version 4.0.9
-- http://www.phpmyadmin.net
--
-- Servidor: localhost
-- Tiempo de generación: 10-03-2014 a las 16:31:46
-- Versión del servidor: 5.5.27-log
-- Versión de PHP: 5.4.7

SET SQL_MODE = "NO_AUTO_VALUE_ON_ZERO";
SET time_zone = "+00:00";


/*!40101 SET @OLD_CHARACTER_SET_CLIENT=@@CHARACTER_SET_CLIENT */;
/*!40101 SET @OLD_CHARACTER_SET_RESULTS=@@CHARACTER_SET_RESULTS */;
/*!40101 SET @OLD_COLLATION_CONNECTION=@@COLLATION_CONNECTION */;
/*!40101 SET NAMES utf8 */;

--
-- Base de datos: `gruma`
--

--
-- Volcado de datos para la tabla `sem_parametros_datos_externos`
--

REPLACE INTO `sem_parametros_datos_externos` (`id`, `archivo_externo`, `tabla_sem`, `version`, `llave_primaria_compuesta`, `campo_llave_primaria`, `caracter_separacion_columnas`, `id_usuario_registra`, `fecha_registra`) VALUES
(000000001, 'grupo1', 'grupo1', 1, '0', 'CODIGO NIVEL 1', '|', 000001, '2013-12-06 14:49:17'),
(000000002, 'grupo2', 'grupo2', 1, '0', 'CODIGO NIVEL 2', '|', 000001, '2013-12-06 16:24:37'),
(000000003, 'grupo3', 'grupo3', 1, '0', 'CODIGO NIVEL 3', '|', 000001, '2013-12-06 16:26:04'),
(000000004, 'grupo4', 'grupo4', 1, '0', 'CODIGO NIVEL 4', '|', 000001, '2013-12-06 16:30:54'),
(000000005, 'grupo5', 'grupo5', 1, '0', 'CODIGO NIVEL 5', '|', 000001, '2013-12-09 09:45:33'),
(000000006, 'grupo6', 'grupo6', 1, '0', 'CODIGO NIVEL 6', '|', 000001, '2013-12-09 09:46:21'),
(000000007, 'categorias', 'categorias', 1, '0', 'CODIGO CATEGORIA', '|', 000001, '2013-12-09 09:48:27'),
(000000008, 'paises', 'paises', 1, '0', 'PAIS', '|', 000001, '2013-12-09 10:11:12'),
(000000009, 'departamentos', 'departamentos', 1, '0', 'DEPARTAMENTO', '|', 000001, '2013-12-09 10:13:22'),
(000000010, 'localidades', 'localidades', 1, '1', NULL, '|', 000001, '2013-12-09 10:19:25'),
(000000011, 'marcas', 'marcas', 1, '0', 'CODIGO MARCA', '|', 000001, '2013-12-09 10:22:31'),
(000000012, 'tasas', 'tasas', 1, '0', 'CODIGO TASA', '|', 000001, '2013-12-09 10:24:31'),
(000000013, 'tipos_entrada_salida', 'tipos_entrada_salida', 1, '0', 'TIPO ENTRADA SALIDA', '|', 000001, '2013-12-09 11:21:05'),
(000000014, 'centros_costo', 'centros_costo', 1, '0', 'CENTROS DE COSTOS DE INVENTARIOS', '|', 000001, '2013-12-09 11:50:33'),
(000000015, 'tipos_documentos', 'tipos_documentos', 1, '0', 'CODIGO DE DOCUMENTO', '|', 000001, '2013-12-10 15:51:23'),
(000000016, 'unidades', 'unidades', 1, '0', 'CODIGO DE UNIDAD DE MEDIDA', '|', 000001, '2013-12-10 16:29:29'),
(000000017, 'colores', 'colores', 1, '0', 'CODIGO COLOR', '|', 000001, '2013-12-10 16:44:09'),
(000000018, 'tipos_documento_identidad', 'tipos_documento_identidad', 1, '0', 'TIPO DE DOCUMENTO DE IDENTIDAD', '|', 000001, '2013-12-10 16:47:18'),
(000000019, 'caracteristicas', 'caracteristicas', 1, '0', 'CODIGO CARACTERISTICA', '|', 000001, '2013-12-10 16:48:52'),
(000000020, 'estructura_grupos', 'estructura_grupos', 1, '1', NULL, '|', 000001, '2013-12-10 17:05:54'),
(000000021, 'criterio_subnivel_articulos', 'criterio_subnivel_articulos', 1, '1', NULL, '|', 000001, '2013-12-13 23:47:21'),
(000000022, 'subnivel_articulos', 'subnivel_articulos', 1, '1', NULL, '|', 000001, '2013-12-14 00:02:16'),
(000000023, 'conceptos_criterio_subnivel_articulos', 'conceptos_criterio_subnivel_articulos', 1, '1', NULL, '|', 000001, '2013-12-15 07:21:44'),
(000000024, 'estructura_grupos_caracteristicas', 'estructura_grupos_caracteristicas', 1, '1', NULL, '|', 000001, '2013-12-15 08:54:28'),
(000000025, 'actividades_economicas', 'actividades_economicas', 1, '1', NULL, '|', 000001, '2013-12-18 15:52:14'),
(000000026, 'municipios', 'municipios', 1, '1', NULL, '|', 000001, '2013-12-18 16:48:30'),
(000000027, 'terceros', 'terceros', 1, '1', NULL, '|', 000001, '2013-12-22 16:30:13'),
(000000028, 'terceros', 'terceros', 2, '1', NULL, '|', 000001, '2013-12-23 07:26:43'),
(000000029, 'articulos', 'articulos', 1, '1', NULL, '|', 000001, '2013-12-23 15:26:36'),
(000000030, 'referencias_articulos', 'referencias_articulos', 1, '1', NULL, '|', 000001, '2013-12-23 16:47:36'),
(000000031, 'vigencia_impuestos_articulos', 'vigencia_impuestos_articulos', 1, '1', NULL, '|', 000001, '2013-12-23 16:51:55'),
(000000032, 'caracteristicas_articulos', 'caracteristicas_articulos', 1, '1', NULL, '|', 000001, '2013-12-23 17:15:33'),
(000000033, 'propuesta_pedidos', 'propuesta_pedidos', 1, '1', NULL, '|', 000001, '2014-01-06 15:18:21'),
(000000034, 'movimiento_propuesta_pedidos', 'movimiento_propuesta_pedidos', 1, '1', NULL, '|', 000001, '2014-01-06 15:42:00'),
(000000035, 'ordenes_compra', 'ordenes_compra', 1, '1', NULL, '|', 000001, '2014-01-18 13:15:46'),
(000000036, 'movimiento_ordenes_compra', 'movimiento_ordenes_compra', 1, '1', NULL, '|', 000001, '2014-01-18 13:30:25'),
(000000037, 'catalogo_lista_precios', 'catalogo_lista_precios', 1, '0', 'CODIGO', '|', 000001, '2014-02-20 17:39:13'),
(000000038, 'lista_precio_articulos', 'lista_precio_articulos', 1, '1', NULL, '|', 000001, '2014-02-20 17:42:16');

REPLACE INTO `sem_campos_parametros_datos_externos` (`id`, `id_parametro_dato_externo`, `campo_archivo_externo`, `campo_tabla_sem`, `posicion_campo_archivo_externo`, `tipo_dato_campo_archivo_externo`, `tamano_campo_archivo_externo`, `campo_llave_archivo_externo`, `id_usuario_registra`, `fecha_registra`) VALUES
(000000001, 000000001, 'DESCRIPCION', 'descripcion_corta', 3, '2', 255, '0', 000001, '2013-12-09 09:42:49'),
(000000002, 000000001, 'DESCRIPCION', 'descripcion', 3, '2', 255, '0', 000001, '2013-12-09 09:42:49'),
(000000003, 000000001, 'CODIGO NIVEL 1', 'id', 2, '1', 3, '0', 000001, '2013-12-09 09:42:49'),
(000000004, 000000002, 'CODIGO NIVEL 2', 'id', 2, '1', 4, '0', 000001, '2013-12-09 09:40:03'),
(000000005, 000000002, 'DESCRIPCION', 'descripcion_corta', 3, '2', 255, '0', 000001, '2013-12-09 09:40:03'),
(000000006, 000000002, 'DESCRIPCION', 'descripcion', 3, '2', 255, '0', 000001, '2013-12-09 09:40:03'),
(000000007, 000000003, 'CODIGO NIVEL 3', 'id', 2, '1', 4, '0', 000001, '2013-12-09 09:43:34'),
(000000008, 000000003, 'DESCRIPCION', 'descripcion', 3, '2', 255, '0', 000001, '2013-12-09 09:43:34'),
(000000009, 000000003, 'DESCRIPCION', 'descripcion_corta', 3, '2', 255, '0', 000001, '2013-12-09 09:43:34'),
(000000010, 000000004, 'DESCRIPCION', 'descripcion_corta', 3, '2', 255, '0', 000001, '2013-12-09 09:44:18'),
(000000011, 000000004, 'DESCRIPCION', 'descripcion', 3, '2', 255, '0', 000001, '2013-12-09 09:44:18'),
(000000012, 000000004, 'CODIGO NIVEL 4', 'id', 2, '1', 4, '0', 000001, '2013-12-09 09:44:17'),
(000000013, 000000005, 'CODIGO NIVEL 5', 'id', 2, '1', 3, '0', 000001, '2013-12-09 09:45:33'),
(000000014, 000000005, 'DESCRIPCION', 'descripcion', 3, '2', 255, '0', 000001, '2013-12-09 09:45:33'),
(000000015, 000000005, 'DESCRIPCION', 'descripcion_corta', 3, '2', 255, '0', 000001, '2013-12-09 09:45:33'),
(000000016, 000000006, 'CODIGO NIVEL 6', 'id', 2, '1', 3, '0', 000001, '2013-12-09 09:46:21'),
(000000017, 000000006, 'DESCRIPCION', 'descripcion', 3, '2', 255, '0', 000001, '2013-12-09 09:46:21'),
(000000018, 000000006, 'DESCRIPCION', 'descripcion_corta', 3, '2', 255, '0', 000001, '2013-12-09 09:46:21'),
(000000019, 000000007, 'DESCRIPCION', 'descripcion', 3, '2', 255, '0', 000001, '2013-12-09 09:48:27'),
(000000020, 000000007, 'CODIGO CATEGORIA', 'id', 2, '1', 2, '0', 000001, '2013-12-09 09:48:27'),
(000000021, 000000008, 'PAIS', 'id', 2, '1', 3, '0', 000001, '2013-12-09 10:11:12'),
(000000022, 000000008, 'PAIS', 'codigo_iso', 2, '2', 3, '0', 000001, '2013-12-09 10:11:12'),
(000000023, 000000008, 'DESCRIPCION', 'nombre', 3, '2', 255, '0', 000001, '2013-12-09 10:11:12'),
(000000024, 000000009, 'DEPARTAMENTO', 'id', 3, '1', 2, '0', 000001, '2013-12-09 10:13:22'),
(000000025, 000000009, 'PAIS', 'id_pais', 2, '1', 3, '0', 000001, '2013-12-09 10:13:22'),
(000000026, 000000009, 'DEPARTAMENTO', 'codigo_dane_departamento', 3, '1', 2, '0', 000001, '2013-12-09 10:13:22'),
(000000027, 000000009, 'DESCRIPCION', 'nombre', 4, '2', 255, '0', 000001, '2013-12-09 10:13:22'),
(000000028, 000000010, 'ESTRATO-SOCIAL', 'estrato', 7, '2', 2, '0', 000001, '2013-12-09 10:19:25'),
(000000029, 000000010, 'DESCRIPCION', 'nombre', 6, '2', 255, '0', 000001, '2013-12-09 10:19:25'),
(000000030, 000000010, 'BARRIO PROVINCIA', 'codigo_dane_localidad', 5, '1', 3, '1', 000001, '2013-12-09 10:19:25'),
(000000031, 000000011, 'CODIGO MARCA', 'id', 2, '1', 4, '0', 000001, '2013-12-09 10:22:31'),
(000000032, 000000011, 'DESCRIPCION', 'descripcion', 3, '2', 255, '0', 000001, '2013-12-09 10:22:31'),
(000000033, 000000011, 'CARACTERISTICA', 'caracteristica', 4, '2', 2, '0', 000001, '2013-12-09 10:22:31'),
(000000034, 000000012, 'CODIGO TASA', 'id', 2, '1', 4, '0', 000001, '2013-12-09 10:24:31'),
(000000035, 000000012, 'DESCRIPCION', 'descripcion', 3, '2', 255, '0', 000001, '2013-12-09 10:24:31'),
(000000036, 000000013, 'CODIGO DE OPERACION DE INVENTARIOS', 'id_operacion_inventario', 8, '1', 4, '0', 000001, '2013-12-09 11:21:05'),
(000000037, 000000013, 'ACTUALIZA INVENTARIOS', 'actualiza_inventarios', 7, '1', 1, '0', 000001, '2013-12-09 11:21:05'),
(000000038, 000000013, 'ENTRADA O SALIDA', 'entrada_salida', 6, '1', 1, '0', 000001, '2013-12-09 11:21:05'),
(000000039, 000000013, 'INDICADOR INTERNA EXTERNA', 'interior_exterior', 5, '1', 1, '0', 000001, '2013-12-09 11:21:05'),
(000000040, 000000013, 'TIPO_VENTA COMPRA', 'tipo_venta_compra', 4, '1', 2, '0', 000001, '2013-12-09 11:21:05'),
(000000041, 000000013, 'DESCRIPCION', 'descripcion', 3, '2', 255, '0', 000001, '2013-12-09 11:21:05'),
(000000042, 000000013, 'TIPO ENTRADA SALIDA', 'id', 2, '1', 2, '0', 000001, '2013-12-09 11:21:05'),
(000000043, 000000014, 'DESCRIPCION', 'descripcion', 3, '2', 255, '0', 000001, '2013-12-09 11:50:33'),
(000000044, 000000014, 'CENTROS DE COSTOS DE INVENTARIOS', 'id', 2, '1', 3, '0', 000001, '2013-12-10 09:03:45'),
(000000045, 000000015, 'USO DOCUMENTO', 'interno_externo', 10, '1', 1, '0', 000001, '2013-12-10 15:51:23'),
(000000046, 000000015, 'CONCEPTO DOCUMENTO', 'id_concepto_tipo_documento', 9, '1', 1, '0', 000001, '2013-12-10 15:51:23'),
(000000047, 000000015, 'NUMERO CONSECUTIVO', 'numero_consecutivo', 7, '1', 15, '0', 000001, '2013-12-10 15:51:23'),
(000000048, 000000015, 'MANEJA CONSECUTIVO', 'manejo_consecutivo', 6, '1', 1, '0', 000001, '2013-12-10 15:51:23'),
(000000049, 000000015, 'DESCRIPCION CORTA', 'descripcion_corta', 5, '2', 10, '0', 000001, '2013-12-10 15:51:23'),
(000000050, 000000015, 'ABREVIATURAS', 'abreviaturas', 4, '2', 3, '0', 000001, '2013-12-10 15:51:23'),
(000000051, 000000015, 'DESCRIPCION', 'descripcion', 3, '2', 255, '0', 000001, '2013-12-10 15:51:23'),
(000000052, 000000015, 'CODIGO DE DOCUMENTO', 'id', 2, '1', 3, '0', 000001, '2013-12-10 15:51:23'),
(000000053, 000000016, 'UNIDAD-BASE', 'id_unidad_principal', 1, '1', 3, '0', 000001, '2014-01-20 08:42:55'),
(000000054, 000000016, 'FACTOR-CONVERSION-36', 'factor_conversion', 7, '1', 11, '0', 000001, '2013-12-10 16:29:29'),
(000000055, 000000016, 'DESCRIPCION-CORTA-36', 'descripcion_corta', 4, '2', 10, '0', 000001, '2013-12-10 16:29:29'),
(000000056, 000000016, 'DESCRIPCION', 'descripcion', 3, '2', 255, '0', 000001, '2013-12-10 16:29:29'),
(000000057, 000000016, 'TIPO-UNIDAD-MEDIDA-36', 'id_tipo_unidad', 5, '1', 2, '0', 000001, '2013-12-10 16:29:29'),
(000000058, 000000016, 'CODIGO DE UNIDAD DE MEDIDA', 'id', 2, '1', 3, '0', 000001, '2013-12-10 16:29:29'),
(000000059, 000000017, 'DESCRIPCION', 'descripcion_corta', 3, '2', 255, '0', 000001, '2013-12-10 16:44:09'),
(000000060, 000000017, 'DESCRIPCION', 'descripcion', 3, '2', 255, '0', 000001, '2013-12-10 16:44:09'),
(000000061, 000000017, 'CODIGO COLOR', 'id', 2, '1', 3, '0', 000001, '2013-12-10 16:44:09'),
(000000062, 000000018, 'CODIGO DIAN', 'codigo_dian', 4, '2', 3, '0', 000001, '2013-12-10 16:47:18'),
(000000063, 000000018, 'DESCRIPCION', 'descripcion', 3, '2', 255, '0', 000001, '2013-12-10 16:47:18'),
(000000064, 000000018, 'TIPO-PERSONA-58', 'tipo_persona', 5, '1', 1, '0', 000001, '2013-12-10 16:47:18'),
(000000065, 000000018, 'TIPO DE DOCUMENTO DE IDENTIDAD', 'id', 2, '1', 2, '0', 000001, '2013-12-10 16:47:18'),
(000000066, 000000019, 'DESCRIPCION', 'descripcion_corta', 3, '2', 255, '0', 000001, '2013-12-10 16:48:52'),
(000000067, 000000019, 'DESCRIPCION', 'descripcion', 3, '2', 255, '0', 000001, '2013-12-10 16:48:52'),
(000000068, 000000019, 'CODIGO CARACTERISTICA', 'id', 2, '1', 4, '0', 000001, '2013-12-10 16:48:52'),
(000000069, 000000020, 'DESCRIPCION-3', 'orden3', 12, '1', 1, '0', 000001, '2013-12-10 17:05:54'),
(000000070, 000000020, 'DESCRIPCION-4', 'orden4', 13, '1', 1, '0', 000001, '2013-12-10 17:05:54'),
(000000071, 000000020, 'DESCRIPCION-5', 'orden5', 14, '1', 1, '0', 000001, '2013-12-10 17:05:54'),
(000000072, 000000020, 'DESCRIPCION-6', 'orden6', 15, '1', 1, '0', 000001, '2013-12-10 17:05:54'),
(000000073, 000000020, 'DESCRIPCION-7', 'orden7', 16, '1', 1, '0', 000001, '2013-12-10 17:05:54'),
(000000074, 000000020, 'DESCRIPCION', 'descripcion', 9, '2', 255, '0', 000001, '2013-12-10 17:05:54'),
(000000075, 000000020, 'DESCRIPCION-2', 'orden2', 11, '1', 1, '0', 000001, '2013-12-10 17:05:54'),
(000000076, 000000020, 'DESCRIPCION-1', 'orden1', 10, '1', 1, '0', 000001, '2013-12-10 17:05:54'),
(000000077, 000000020, 'CATEGORIA', 'id_categoria', 2, '1', 2, '1', 000001, '2013-12-10 17:05:54'),
(000000078, 000000020, 'NIVEL-1', 'id_grupo1', 3, '1', 3, '1', 000001, '2013-12-10 17:05:54'),
(000000079, 000000020, 'NIVEL-2', 'id_grupo2', 4, '1', 3, '1', 000001, '2013-12-10 17:05:54'),
(000000080, 000000020, 'NIVEL-3', 'id_grupo3', 5, '1', 4, '1', 000001, '2013-12-10 17:05:54'),
(000000081, 000000020, 'NIVEL-4', 'id_grupo4', 6, '1', 4, '1', 000001, '2013-12-10 17:05:54'),
(000000082, 000000020, 'NIVEL-5', 'id_grupo5', 7, '1', 3, '1', 000001, '2013-12-10 17:05:54'),
(000000083, 000000020, 'NIVEL-6', 'id_grupo6', 8, '1', 3, '1', 000001, '2013-12-10 17:05:54'),
(000000084, 000000021, 'CRITERIO', 'criterio', 3, '2', 2, '1', 000001, '2013-12-13 23:47:21'),
(000000085, 000000021, 'DESCRIPCION', 'descripcion', 4, '2', 255, '0', 000001, '2013-12-13 23:47:21'),
(000000086, 000000021, 'DESCRIPCION', 'descripcion_corta', 4, '2', 10, '0', 000001, '2013-12-13 23:47:21'),
(000000087, 000000022, 'DESCRIPCION', 'descripcion_corta', 3, '2', 10, '0', 000001, '2013-12-14 00:02:16'),
(000000088, 000000022, 'DESCRIPCION', 'descripcion', 3, '2', 255, '0', 000001, '2013-12-14 00:02:16'),
(000000089, 000000022, 'SUB NIVELES', 'subnivel', 2, '2', 2, '1', 000001, '2013-12-14 00:02:16'),
(000000090, 000000023, 'CODIGO', 'concepto', 4, '2', 2, '1', 000001, '2013-12-15 07:21:44'),
(000000091, 000000023, 'DESCRIPCION', 'descripcion', 5, '2', 255, '1', 000001, '2013-12-15 07:21:44'),
(000000092, 000000023, 'DESCRIPCION', 'descripcion_corta', 5, '2', 10, '0', 000001, '2013-12-15 07:21:44'),
(000000093, 000000024, 'CARACTERISTICA', 'id_caracteristica', 9, '1', 3, '1', 000001, '2013-12-15 08:54:28'),
(000000094, 000000025, 'DESCRIPCION', 'descripcion', 4, '2', 255, '0', 000001, '2013-12-18 15:52:14'),
(000000095, 000000025, 'CODIGO DE ACTIVIDAD', 'codigo_actividad', 3, '1', 10, '1', 000001, '2013-12-18 15:52:14'),
(000000096, 000000025, 'PAIS', 'id_pais', 2, '1', 3, '1', 000001, '2013-12-18 15:52:14'),
(000000097, 000000026, 'DESCRIPCION', 'nombre', 5, '2', 255, '0', 000001, '2013-12-18 16:48:30'),
(000000098, 000000026, 'CIUDAD', 'codigo_dane_municipio', 4, '1', 6, '1', 000001, '2013-12-18 16:48:30'),
(000000099, 000000026, 'DEPARTAMENTO', 'id_departamento', 3, '1', 3, '1', 000001, '2013-12-18 16:48:30'),
(000000100, 000000027, 'PROVEEDOR-SERVICIOS', 'proveedor_servicios', 42, '1', 1, '0', 000001, '2013-12-22 16:30:13'),
(000000101, 000000027, 'ENTIDAD-OFICIAL', 'entidad_oficial', 43, '1', 1, '0', 000001, '2013-12-22 16:30:13'),
(000000102, 000000027, 'FACTURA-CON-IVA', 'factura_iva', 43, '1', 1, '0', 000001, '2013-12-22 16:30:13'),
(000000103, 000000027, 'REALIZA-RETENCION', 'realiza_retencion', 43, '1', 1, '0', 000001, '2013-12-22 16:30:13'),
(000000104, 000000027, 'REALIZA-RETECREE', 'realiza_retencion_cree', 43, '1', 1, '0', 000001, '2013-12-22 16:30:13'),
(000000105, 000000027, 'REALIZA-RETEICA', 'realiza_reteica', 43, '1', 1, '0', 000001, '2013-12-22 16:30:14'),
(000000106, 000000027, 'REALIZA-RETEIVA', 'realiza_reteiva', 43, '1', 1, '0', 000001, '2013-12-22 16:30:14'),
(000000107, 000000027, 'LE-RALIZAN-RETENCION', 'le_realizan_retencion', 43, '1', 1, '0', 000001, '2013-12-22 16:30:14'),
(000000108, 000000027, 'LE-REALIZAN-RETECREE', 'le_realizan_retencion_cree', 43, '1', 1, '0', 000001, '2013-12-22 16:30:14'),
(000000109, 000000027, 'LE-REALIZAN-RETEICA', 'le_realizan_retencion_ica', 43, '1', 1, '0', 000001, '2013-12-22 16:30:14'),
(000000110, 000000027, 'LE-REALIZAN-RETEIVA', 'le_realizan_retencion_iva', 43, '1', 1, '0', 000001, '2013-12-22 16:30:14'),
(000000111, 000000027, 'ESTADO-TERCERO', 'estado_tercero', 43, '1', 1, '0', 000001, '2013-12-22 16:30:14'),
(000000112, 000000027, 'ESTADO-PROVEEDOR', 'estado_proveedor', 43, '1', 1, '0', 000001, '2013-12-22 16:30:14'),
(000000113, 000000027, 'ESTADO-CLIENTE', 'estado_cliente', 43, '1', 1, '0', 000001, '2013-12-22 16:30:14'),
(000000114, 000000027, 'FILIAL', 'filial', 38, '1', 1, '0', 000001, '2013-12-22 16:30:13'),
(000000115, 000000027, 'PROVEEDOR', 'proveedor', 41, '1', 1, '0', 000001, '2013-12-22 16:30:13'),
(000000116, 000000027, 'EMPLEADO', 'empleado', 40, '1', 1, '0', 000001, '2013-12-22 16:30:13'),
(000000117, 000000027, 'DOC-IDENT', 'documento_identidad', 3, '1', 15, '1', 000001, '2013-12-22 16:30:13'),
(000000118, 000000027, 'TIPO-DOCUMENTO-IDENTIDAD', 'id_tipo_documento_identidad', 7, '1', 2, '0', 000001, '2013-12-22 16:30:13'),
(000000119, 000000027, 'REGIMEN', 'regimen', 10, '1', 1, '0', 000001, '2013-12-22 16:30:13'),
(000000120, 000000027, 'DIRECCION', 'direccion_principal', 31, '2', 255, '0', 000001, '2013-12-22 16:30:13'),
(000000121, 000000027, 'TELEFONO', 'telefono_principal', 32, '2', 255, '0', 000001, '2013-12-22 16:30:13'),
(000000122, 000000027, 'CORREO-ELECTRONICO', 'correo', 34, '2', 255, '0', 000001, '2013-12-22 16:30:13'),
(000000123, 000000027, 'NOMBRE-COMPLETO', 'razon_social', 2, '2', 255, '0', 000001, '2013-12-22 16:30:13'),
(000000124, 000000027, 'NOMBRE-COMERCIAL', 'nombre_comercial', 49, '2', 255, '0', 000001, '2013-12-22 16:30:13'),
(000000125, 000000027, 'DOC-IDENT-REPRES-LEGAL', 'documento_representante_legal', 51, '2', 15, '0', 000001, '2013-12-22 16:30:13'),
(000000126, 000000027, 'SOCIO', 'socio', 39, '1', 1, '0', 000001, '2013-12-22 16:30:13'),
(000000127, 000000027, 'CELULAR', 'celular', 33, '2', 255, '0', 000001, '2013-12-22 16:30:13'),
(000000128, 000000027, 'CLIENTE-MAYORISTA', 'cliente_mayorista', 37, '1', 1, '0', 000001, '2013-12-22 16:30:13'),
(000000129, 000000027, 'CLIENTE-DETAL', 'cliente_detal', 36, '1', 1, '0', 000001, '2013-12-22 16:30:13'),
(000000130, 000000027, 'SOCIEDAD-GRUPO', 'sociedad_grupo', 35, '1', 1, '0', 000001, '2013-12-22 16:30:13'),
(000000131, 000000027, 'REPRESENTANTE-LEGAL', 'nombre_representante_legal', 50, '2', 255, '0', 000001, '2013-12-22 16:30:13'),
(000000132, 000000028, 'REALIZA-RETEICA', 'realiza_reteica', 17, '1', 1, '0', 000001, '2013-12-23 07:26:44'),
(000000133, 000000028, 'REALIZA-RETECREE', 'realiza_retencion_cree', 16, '1', 1, '0', 000001, '2013-12-23 07:26:44'),
(000000134, 000000028, 'REALIZA-RETENCION', 'realiza_retencion', 15, '1', 1, '0', 000001, '2013-12-23 07:26:44'),
(000000135, 000000028, 'FACTURA-CON-IVA', 'factura_iva', 14, '1', 1, '0', 000001, '2013-12-23 07:26:44'),
(000000136, 000000028, 'ENTIDAD-OFICIAL', 'entidad_oficial', 47, '1', 1, '0', 000001, '2013-12-23 07:26:44'),
(000000137, 000000028, 'PROVEEDOR-SERVICIOS', 'proveedor_servicios', 46, '1', 1, '0', 000001, '2013-12-23 07:26:44'),
(000000138, 000000028, 'PROVEEDOR', 'proveedor', 45, '1', 1, '0', 000001, '2013-12-23 07:26:44'),
(000000139, 000000028, 'REALIZA-RETEIVA', 'realiza_reteiva', 18, '1', 1, '0', 000001, '2013-12-23 07:26:44'),
(000000140, 000000028, 'LE-REALIZAN-RETENCION', 'le_realizan_retencion', 19, '1', 1, '0', 000001, '2013-12-23 07:26:44'),
(000000141, 000000028, 'LE-REALIZAN-RETECREE', 'le_realizan_retencion_cree', 20, '1', 1, '0', 000001, '2013-12-23 07:26:44'),
(000000142, 000000028, 'LE-REALIZAN-RETEICA', 'le_realizan_retencion_ica', 21, '1', 1, '0', 000001, '2013-12-23 07:26:44'),
(000000143, 000000028, 'LE-REALIZAN-RETEIVA', 'le_realizan_retencion_iva', 22, '1', 1, '0', 000001, '2013-12-23 07:26:44'),
(000000144, 000000028, 'ESTADO-TERCERO', 'estado_tercero', 23, '1', 1, '0', 000001, '2013-12-23 07:26:44'),
(000000145, 000000028, 'ESTADO-PROVEEDOR', 'estado_proveedor', 24, '1', 1, '0', 000001, '2013-12-23 07:26:44'),
(000000146, 000000028, 'ESTADO-CLIENTE', 'estado_cliente', 25, '1', 1, '0', 000001, '2013-12-23 07:26:44'),
(000000147, 000000028, 'FEC-INGRESO', 'fecha_registra', 48, '1', 8, '0', 000001, '2013-12-23 07:26:44'),
(000000148, 000000028, 'FECHA-ULT-MODIFICACION', 'fecha_modificacion', 8, '1', 8, '0', 000001, '2013-12-23 07:26:44'),
(000000149, 000000028, 'EMPLEADO', 'empleado', 44, '1', 1, '0', 000001, '2013-12-23 07:26:44'),
(000000150, 000000028, 'SOCIO', 'socio', 43, '1', 1, '0', 000001, '2013-12-23 07:26:44'),
(000000151, 000000028, 'FILIAL', 'filial', 42, '1', 1, '0', 000001, '2013-12-23 07:26:44'),
(000000152, 000000028, 'PAGINA-WEB', 'sitio_web', 38, '2', 255, '0', 000001, '2013-12-23 07:26:44'),
(000000153, 000000028, 'CORREO-ELECTRONICO', 'correo', 37, '2', 255, '0', 000001, '2013-12-23 07:26:44'),
(000000154, 000000028, 'CELULAR', 'celular', 36, '2', 15, '0', 000001, '2013-12-23 07:26:44'),
(000000155, 000000028, 'TELEFONO', 'telefono_principal', 35, '2', 15, '0', 000001, '2013-12-23 07:26:44'),
(000000156, 000000028, 'DIRECCION', 'direccion_principal', 34, '2', 255, '0', 000001, '2013-12-23 07:26:43'),
(000000157, 000000028, 'REGIMEN', 'regimen', 13, '1', 1, '0', 000001, '2013-12-23 07:26:43'),
(000000158, 000000028, 'TIPO-DOCUMENTO-IDENTIDAD', 'id_tipo_documento_identidad', 10, '1', 2, '0', 000001, '2013-12-23 07:26:43'),
(000000159, 000000028, 'DOC-IDENT', 'documento_identidad', 6, '1', 15, '1', 000001, '2013-12-23 07:26:43'),
(000000160, 000000028, 'PRIMER-NOMBRE', 'primer_nombre', 2, '2', 255, '0', 000001, '2013-12-23 07:26:44'),
(000000161, 000000028, 'SEGUNDO-NOMBRE', 'segundo_nombre', 3, '2', 255, '0', 000001, '2013-12-23 07:26:44'),
(000000162, 000000028, 'CLIENTE-MAYORISTA', 'cliente_mayorista', 41, '1', 1, '0', 000001, '2013-12-23 07:26:44'),
(000000163, 000000028, 'CLIENTE-DETAL', 'cliente_detal', 40, '1', 1, '0', 000001, '2013-12-23 07:26:44'),
(000000164, 000000028, 'SOCIEDAD-GRUPO', 'sociedad_grupo', 39, '1', 1, '0', 000001, '2013-12-23 07:26:44'),
(000000165, 000000028, 'NOMBRE-NEGOCIO', 'nombre_comercial', 62, '2', 255, '0', 000001, '2013-12-23 07:26:44'),
(000000166, 000000028, 'GENERO', 'genero', 50, '1', 1, '0', 000001, '2013-12-23 07:26:44'),
(000000167, 000000028, 'FECHA-NACIMIENTO', 'fecha_nacimiento', 9, '2', 255, '0', 000001, '2013-12-23 07:26:44'),
(000000168, 000000028, 'SEGUNDO-APELLIDO', 'segundo_apellido', 5, '2', 255, '0', 000001, '2013-12-23 07:26:44'),
(000000169, 000000028, 'PRIMER-APELLIDO', 'primer_apellido', 4, '2', 255, '0', 000001, '2013-12-23 07:26:44'),
(000000170, 000000029, 'TIPO-AGRUPACION', 'tipo_agrupacion', 19, '1', 1, '0', 000001, '2013-12-23 15:26:36'),
(000000171, 000000029, 'IMPRIME-COMBOS-KITS', 'imprime_combos_kits', 20, '1', 1, '0', 000001, '2013-12-23 15:26:36'),
(000000172, 000000029, 'CONTROL-EXIST', 'control_existencia', 21, '1', 1, '0', 000001, '2013-12-23 15:26:36'),
(000000173, 000000029, 'NIVEL-PRECIO-PUBLICO', 'nivel_precio_publico', 26, '1', 1, '0', 000001, '2013-12-23 15:26:36'),
(000000174, 000000029, 'IND-MANEJA-COLOR', 'maneja_color', 31, '1', 1, '0', 000001, '2013-12-23 15:26:36'),
(000000175, 000000029, 'FECHA-INGRESO', 'fecha_registra', 18, '1', 8, '0', 000001, '2013-12-23 15:26:36'),
(000000176, 000000029, 'FECHA-MODIFICA', 'fecha_modificacion', 13, '1', 8, '0', 000001, '2013-12-23 15:26:36'),
(000000177, 000000029, 'TIPO-INVENTARIO', 'tipo_inventario', 4, '1', 1, '0', 000001, '2013-12-23 15:26:36'),
(000000178, 000000029, 'REFERENCIA', 'referencia', 17, '2', 15, '0', 000001, '2013-12-23 15:26:36'),
(000000179, 000000029, 'DETALLE', 'detalle', 14, '2', 255, '0', 000001, '2013-12-23 15:26:36'),
(000000180, 000000029, 'COD-ARTICULO', 'codigo', 2, '1', 6, '1', 000001, '2013-12-23 15:26:36'),
(000000181, 000000029, 'CENTRO-CONTABLE', 'id_sucursal', 3, '1', 3, '1', 000001, '2013-12-23 15:26:36'),
(000000182, 000000029, 'MARCA', 'id_marca', 15, '1', 4, '0', 000001, '2013-12-23 15:26:36'),
(000000183, 000000029, 'FACTOR-UNIDAD-MINIMO', 'id_precio_unidad_minimo', 22, '1', 6, '0', 000001, '2013-12-23 15:26:36'),
(000000184, 000000029, 'UNID-MEDIDA-COMPRA', 'id_unidad_compra', 23, '1', 3, '0', 000001, '2013-12-23 15:26:36'),
(000000185, 000000029, 'UNID-MEDIDA-PRESENTACION', 'id_unidad_presentacion', 24, '1', 3, '0', 000001, '2013-12-23 15:26:36'),
(000000186, 000000029, 'UNID-MEDIDA-VENTA-PUB', 'id_unidad_venta_publico', 25, '1', 3, '0', 000001, '2013-12-23 15:26:36'),
(000000187, 000000029, 'PAIS-PROCEDENCIA', 'id_pais_procedencia', 27, '1', 3, '0', 000001, '2013-12-23 15:26:36'),
(000000188, 000000030, 'FECHA MODIFICA', 'fecha_modificacion', 7, '1', 8, '0', 000001, '2013-12-23 16:47:36'),
(000000189, 000000030, 'MARCA', 'id_marca', 8, '1', 4, '0', 000001, '2013-12-23 16:47:36'),
(000000190, 000000030, 'GRUPO-2', 'id_grupo2', 6, '1', 3, '0', 000001, '2013-12-23 16:47:36'),
(000000191, 000000030, 'GRUPO-1', 'id_grupo1', 5, '1', 3, '0', 000001, '2013-12-23 16:47:36'),
(000000192, 000000030, 'CATEGORIA', 'id_categoria', 4, '1', 2, '0', 000001, '2013-12-23 16:47:36'),
(000000193, 000000030, 'REFERENCIA', 'referencia', 10, '2', 15, '0', 000001, '2013-12-23 16:47:36'),
(000000194, 000000031, 'CODIGO TASA', 'id_tasa', 5, '1', 4, '1', 000001, '2013-12-23 16:51:55'),
(000000195, 000000031, 'FECHA', 'fecha', 4, '3', 8, '1', 000001, '2013-12-23 16:51:55'),
(000000196, 000000032, 'CARACTERÍSTICA', 'id_caracteristica', 4, '1', 4, '0', 000001, '2013-12-23 17:15:33'),
(000000197, 000000033, 'SUCURSAL', 'id_sucursal', 3, '1', 3, '1', 000001, '2014-01-18 12:18:45'),
(000000198, 000000033, 'USUARIO-GENERA-ODEN-COMPRA', 'id_usuario_orden_compra', 9, '2', 15, '0', 000001, '2014-01-06 15:18:21'),
(000000199, 000000033, 'ESTADO-ORDEN-COMPRA', 'estado_orden_compra', 8, '1', 1, '0', 000001, '2014-01-06 15:18:21'),
(000000200, 000000033, 'ESTADO', 'estado', 7, '1', 1, '0', 000001, '2014-01-06 15:18:21'),
(000000201, 000000033, 'CODIGO TIPO DOCUMENTO', 'id_tipo_documento', 4, '1', 3, '1', 000001, '2014-01-06 15:18:21'),
(000000202, 000000033, 'FECHA DOCUMENTO', 'fecha_documento', 5, '3', 8, '1', 000001, '2014-01-06 15:18:21'),
(000000203, 000000033, 'NUMERO DOCUMENTO', 'numero_consecutivo', 6, '1', 8, '1', 000001, '2014-01-06 15:18:21'),
(000000204, 000000034, 'ESTADO', 'estado', 10, '1', 1, '0', 000001, '2014-01-06 15:42:00'),
(000000205, 000000034, 'CONSECUTIVO MOVIMIENTO', 'consecutivo', 7, '1', 4, '1', 000001, '2014-01-06 15:42:00'),
(000000206, 000000035, 'DESCUENTO-GLOBAL2', 'descuento_global2', 31, '1', 7, '0', 000001, '2014-01-18 13:15:46'),
(000000207, 000000035, 'DESCUENTO-GLOBAL3', 'descuento_global3', 32, '1', 7, '0', 000001, '2014-01-18 13:15:46'),
(000000208, 000000035, 'DESCUENTO-FINANCIERO-FIJO', 'descuento_financiero_fijo', 33, '1', 7, '0', 000001, '2014-01-18 13:15:46'),
(000000209, 000000035, 'DESCUENTO-FINANCIERO-PRONTO-PAGO', 'descuento_financiero_pronto_pago', 34, '1', 7, '0', 000001, '2014-01-18 13:15:46'),
(000000210, 000000035, 'NUMERO-DIAS-PRONTO-PAGO', 'numero_dias_pronto_pago', 44, '1', 3, '0', 000001, '2014-01-18 13:15:46'),
(000000211, 000000035, 'IVA-INCLUIDO', 'iva_incluido', 35, '1', 1, '0', 000001, '2014-01-18 13:15:46'),
(000000212, 000000035, 'NUMERO-DIAS-PAGO', 'numero_dias_pago', 36, '1', 4, '0', 000001, '2014-01-18 13:15:46'),
(000000213, 000000035, 'NUMERO-ENTREGAS', 'numero_entregas', 37, '1', 4, '0', 000001, '2014-01-18 13:15:46'),
(000000214, 000000035, 'FECHA-FINAL-ENTREGAS', 'fecha_final_entregas', 38, '3', 8, '0', 000001, '2014-01-18 13:15:46'),
(000000215, 000000035, 'OBSERVACIONES', 'observaciones', 39, '2', 234, '0', 000001, '2014-01-18 13:15:46'),
(000000216, 000000035, 'IMPRIMIO', 'imprimio', 40, '1', 3, '0', 000001, '2014-01-18 13:15:46'),
(000000217, 000000035, 'DESCUENTO-GLOBAL1', 'descuento_global1', 30, '1', 7, '0', 000001, '2014-01-18 13:15:46'),
(000000218, 000000035, 'TIPO-COMPRA', 'id_tipo_entrada_salida', 29, '1', 3, '0', 000001, '2014-01-18 13:15:46'),
(000000219, 000000035, 'CODIGO-MONEDA', 'id_moneda', 28, '1', 3, '0', 000001, '2014-01-18 13:15:46'),
(000000220, 000000035, 'SUCURSAL-ORDEN', 'id_sucursal', 3, '1', 3, '1', 000001, '2014-01-18 13:15:46'),
(000000221, 000000035, 'TIPO-DOCTO-ORDEN', 'id_tipo_documento', 4, '1', 3, '1', 000001, '2014-01-18 13:15:46'),
(000000222, 000000035, 'FECHA-ORDEN', 'fecha_documento', 5, '3', 8, '1', 000001, '2014-01-18 13:15:46'),
(000000223, 000000035, 'CONSECUTIVO-ORDEN', 'numero_consecutivo', 6, '1', 8, '1', 000001, '2014-01-18 13:15:46'),
(000000224, 000000035, 'CANTIDAD-REGISTROS', 'cantidad_registros', 14, '1', 6, '0', 000001, '2014-01-18 13:15:46'),
(000000225, 000000035, 'CANTIDAD-CUMPLIDOS', 'cantidad_cumplidos', 15, '1', 6, '0', 000001, '2014-01-18 13:15:46'),
(000000226, 000000035, 'ESTADO', 'estado', 16, '1', 1, '0', 000001, '2014-01-18 13:15:46'),
(000000227, 000000035, 'ESTADO-APROBADA', 'estado_aprobada', 21, '1', 1, '0', 000001, '2014-01-18 13:15:46'),
(000000228, 000000035, 'ESTADO-APROBACION-PROVEEDOR', 'aprobacion_proveedor', 23, '1', 1, '0', 000001, '2014-01-18 13:15:46'),
(000000229, 000000035, 'ESTADO-ORDEN-COMPRA', 'estado_orden_compra', 19, '1', 1, '0', 000001, '2014-01-18 13:15:46'),
(000000230, 000000035, 'AUTORIZA-DIFERENCIAS', 'autoriza_diferencias', 25, '1', 1, '0', 000001, '2014-01-18 13:15:46'),
(000000231, 000000035, 'PARTICPACION', 'participacion', 27, '1', 7, '0', 000001, '2014-01-18 13:15:46'),
(000000232, 000000036, 'VALOR-DESCUENTO-LINEA', 'valor_descuento_linea', 31, '1', 15, '0', 000001, '2014-01-18 13:30:25'),
(000000233, 000000036, 'DESCUENTO-LINEA', 'descuento_linea', 30, '1', 7, '0', 000001, '2014-01-18 13:30:25'),
(000000234, 000000036, 'VALOR-DESCUENTO-GLOBAL-3', 'valor_descuento_global3', 29, '1', 15, '0', 000001, '2014-01-18 13:30:25'),
(000000235, 000000036, 'DESCUENTO-GLOBAL-3', 'descuento_global3', 28, '1', 7, '0', 000001, '2014-01-18 13:30:25'),
(000000236, 000000036, 'VALOR-DESCUENTO-GLOBAL-2', 'valor_descuento_global2', 27, '1', 15, '0', 000001, '2014-01-18 13:30:25'),
(000000237, 000000036, 'VALOR-UNITARIO', 'valor_unitario', 32, '1', 15, '0', 000001, '2014-01-18 13:30:25'),
(000000238, 000000036, 'VALOR-NETO', 'neto_pagar', 33, '1', 15, '0', 000001, '2014-01-18 13:30:25'),
(000000239, 000000036, 'VALOR-IVA', 'valor_iva', 34, '1', 15, '0', 000001, '2014-01-18 13:30:25'),
(000000240, 000000036, 'TASA-IVA', 'id_tasa_impuesto', 35, '1', 3, '0', 000001, '2014-01-18 13:30:25'),
(000000241, 000000036, 'PORCENTAJE-IVA', 'porcentaje_impuesto', 36, '1', 7, '0', 000001, '2014-01-18 13:30:25'),
(000000242, 000000036, 'IVA-INCLUIDO', 'iva_incluido', 37, '1', 1, '0', 000001, '2014-01-18 13:30:25'),
(000000243, 000000036, 'FECHA-ENVIO', 'fecha_entrega', 39, '3', 8, '0', 000001, '2014-01-18 13:30:25'),
(000000244, 000000036, 'DESCUENTO-GLOBAL-2', 'descuento_global2', 26, '1', 7, '0', 000001, '2014-01-18 13:30:25'),
(000000245, 000000036, 'VALOR-DESCUENTO-GLOBAL-1', 'valor_descuento_global1', 25, '1', 15, '0', 000001, '2014-01-18 13:30:25'),
(000000246, 000000036, 'CONSECUTIVO-MOVIMIENTO', 'consecutivo', 7, '1', 4, '1', 000001, '2014-01-18 13:30:25'),
(000000247, 000000036, 'COLOR-DETALLE', 'color', 38, '2', 50, '0', 000001, '2014-01-18 13:30:25'),
(000000248, 000000036, 'COLOR', 'id_color', 10, '1', 3, '0', 000001, '2014-01-18 13:30:25'),
(000000249, 000000036, 'REFERENCIA', 'referencia', 14, '2', 15, '0', 000001, '2014-01-18 13:30:25'),
(000000250, 000000036, 'SUCURSAL-DESTINO', 'id_sucursal_destino', 16, '1', 3, '0', 000001, '2014-01-18 13:30:25'),
(000000251, 000000036, 'ESTADO', 'estado', 17, '1', 1, '0', 000001, '2014-01-18 13:30:25'),
(000000252, 000000036, 'UNITARIO-TOTAL', 'unitario_total', 18, '1', 1, '0', 000001, '2014-01-18 13:30:25'),
(000000253, 000000036, 'OBSERVACION', 'observaciones', 19, '2', 78, '0', 000001, '2014-01-18 13:30:25'),
(000000254, 000000036, 'CANTIDAD', 'cantidad', 20, '1', 15, '0', 000001, '2014-01-18 13:30:25'),
(000000255, 000000036, 'UNIDAD-MEDIDA', 'id_unidad_medida', 21, '1', 3, '0', 000001, '2014-01-18 13:30:25'),
(000000256, 000000036, 'CANTIDAD-TOTAL', 'cantidad_total', 22, '1', 15, '0', 000001, '2014-01-18 13:30:25'),
(000000257, 000000036, 'VALOR-TOTAL', 'valor_total', 23, '1', 15, '0', 000001, '2014-01-18 13:30:25'),
(000000258, 000000036, 'DESCUENTO-GLOBAL-1', 'descuento_global1', 24, '1', 7, '0', 000001, '2014-01-18 13:30:25'),
(000000259, 000000037, 'INACTIVA', 'inactiva', 5, '1', 1, '0', 000001, '2014-02-20 17:39:13'),
(000000260, 000000037, 'PROMOCION', 'promocion', 4, '1', 1, '0', 000001, '2014-02-20 17:39:13'),
(000000261, 000000037, 'DESCRIPCION', 'descripcion', 3, '2', 255, '0', 000001, '2014-02-20 17:39:13'),
(000000262, 000000037, 'CODIGO', 'id', 2, '1', 3, '0', 000001, '2014-02-20 17:39:13'),
(000000263, 000000038, 'ALMACEN', 'id_sucursal', 7, '1', 3, '1', 000001, '2014-02-20 17:42:16'),
(000000264, 000000038, 'CODIGO_LISTA', 'id_catalogo_lista_precio', 4, '1', 3, '1', 000001, '2014-02-20 17:42:16'),
(000000265, 000000038, 'FECHA', 'fecha', 5, '3', 8, '1', 000001, '2014-02-20 17:42:16'),
(000000266, 000000038, 'PRECIO', 'precio', 8, '1', 13, '0', 000001, '2014-02-20 17:42:16');


REPLACE INTO `sem_campos_foraneos_parametros_datos_externos` (`id`, `id_parametro_dato_externo`, `tabla_consulta_sem`, `campo_llave_tabla_consulta_sem`, `campo_buscar_tabla_sem_encabezado`, `tabla_consulta_sem_buscar_id`, `campo_buscar_id_tabla_consulta_sem`, `tabla_relacion_consulta_sem_buscar_id`, `campo_relacion_buscar_id_tabla_consulta_sem`, `campo_archivo_externo`, `posicion_campo_archivo_externo`, `tipo_dato_campo_archivo_externo`, `tamano_campo_archivo_externo`, `campo_llave_archivo_externo`, `id_usuario_registra`, `fecha_registra`) VALUES
(000000001, 000000010, 'municipios', 'id', 'id_municipio', 'paises', 'id', '', '', 'PAIS', 2, '1', 3, '1', 000001, '2014-01-06 14:31:44'),
(000000002, 000000010, 'municipios', 'id', 'id_municipio', 'paises', 'id', 'departamentos', 'id_pais', '', 0, '1', 0, '1', 000001, '2014-01-06 14:31:44'),
(000000003, 000000010, 'municipios', 'id', 'id_municipio', 'departamentos', 'id', '', '', 'DEPARTAMENTO', 3, '1', 2, '1', 000001, '2014-01-06 14:31:44'),
(000000004, 000000010, 'municipios', 'id', 'id_municipio', 'departamentos', 'id', 'municipios', 'id_departamento', '', 0, '1', 0, '1', 000001, '2014-01-06 14:31:44'),
(000000005, 000000010, 'municipios', 'id', 'id_municipio', 'municipios', 'id', '', '', 'MUNICIPIO', 4, '1', 4, '1', 000001, '2014-01-06 14:31:44'),
(000000006, 000000021, 'subnivel_articulos', 'id', 'id_subnivel_articulo', 'subnivel_articulos', 'subnivel', '', '', 'SUB NIVELES', 2, '1', 2, '1', 000001, '2014-01-04 17:33:31'),
(000000007, 000000023, 'criterio_subnivel_articulos', 'id', 'id_criterio_subnivel_articulo', 'criterio_subnivel_articulos', 'criterio', '', '', 'CRITERIO', 3, '1', 2, '1', 000001, '2013-12-23 11:09:43'),
(000000008, 000000023, 'criterio_subnivel_articulos', 'id', 'id_criterio_subnivel_articulo', 'criterio_subnivel_articulos', 'id_subnivel_articulo', 'subnivel_articulos', 'id', '', 0, '1', 0, '1', 000001, '2013-12-23 11:09:43'),
(000000009, 000000023, 'criterio_subnivel_articulos', 'id', 'id_criterio_subnivel_articulo', 'subnivel_articulos', 'subnivel', '', '', 'SUB-NIVEL', 2, '1', 2, '1', 000001, '2013-12-23 11:09:43'),
(000000010, 000000024, 'estructura_grupos', 'id', 'id_estructura_grupo', 'estructura_grupos', 'id_categoria', '', '', 'CATEGORIA', 2, '1', 2, '1', 000001, '2013-12-23 11:06:40'),
(000000011, 000000024, 'estructura_grupos', 'id', 'id_estructura_grupo', 'estructura_grupos', 'id_grupo1', '', '', 'NIVEL-1', 3, '1', 3, '1', 000001, '2013-12-23 11:06:40'),
(000000012, 000000024, 'estructura_grupos', 'id', 'id_estructura_grupo', 'estructura_grupos', 'id_grupo2', '', '', 'NIVEL-2', 4, '1', 3, '1', 000001, '2013-12-23 11:06:40'),
(000000013, 000000024, 'estructura_grupos', 'id', 'id_estructura_grupo', 'estructura_grupos', 'id_grupo3', '', '', 'NIVEL-3', 5, '1', 4, '1', 000001, '2013-12-23 11:06:40'),
(000000014, 000000024, 'estructura_grupos', 'id', 'id_estructura_grupo', 'estructura_grupos', 'id_grupo4', '', '', 'NIVEL-4', 6, '1', 4, '1', 000001, '2013-12-23 11:06:40'),
(000000015, 000000024, 'estructura_grupos', 'id', 'id_estructura_grupo', 'estructura_grupos', 'id_grupo5', '', '', 'NIVEL-5', 7, '1', 3, '1', 000001, '2013-12-23 11:06:40'),
(000000016, 000000024, 'estructura_grupos', 'id', 'id_estructura_grupo', 'estructura_grupos', 'id_grupo6', '', '', 'NIVEL-6', 8, '1', 3, '1', 000001, '2013-12-23 11:06:40'),
(000000017, 000000027, 'localidades', 'id', 'id_localidad', 'paises', 'id', '', '', 'PAIS-IDENTIFICACION', 23, '1', 3, '0', 000001, '2013-12-23 11:20:17'),
(000000018, 000000027, 'localidades', 'id', 'id_localidad', 'paises', 'id', 'departamentos', 'id_pais', '', 0, '1', 0, '0', 000001, '2013-12-23 11:20:17'),
(000000019, 000000027, 'localidades', 'id', 'id_localidad', 'departamentos', 'codigo_dane_departamento', '', '', 'DEPARTAMENTO-IDENTIFICACION', 24, '1', 2, '0', 000001, '2013-12-23 11:20:17'),
(000000020, 000000027, 'localidades', 'id', 'id_localidad', 'departamentos', 'id', 'municipios', 'id_departamento', '', 0, '1', 0, '0', 000001, '2013-12-23 11:20:17'),
(000000021, 000000027, 'localidades', 'id', 'id_localidad', 'municipios', 'codigo_dane_municipio', '', '', 'CIUDAD-IDENTIFICACION', 25, '1', 3, '0', 000001, '2013-12-23 11:20:17'),
(000000022, 000000027, 'localidades', 'id', 'id_localidad', 'municipios', 'id', 'localidades', 'id', '', 0, '1', 0, '0', 000001, '2013-12-23 11:20:17'),
(000000023, 000000027, 'localidades', 'id', 'id_localidad', 'localidades', 'codigo_dane_localidad', '', '', 'CIUDAD-IDENTIFICACION', 25, '1', 3, '0', 000001, '2013-12-23 11:20:17'),
(000000024, 000000027, 'municipios', 'id', 'id_municipio_documento', 'paises', 'id', '', '', 'PAIS-IDENTIFICACION', 23, '1', 3, '0', 000001, '2013-12-23 11:20:17'),
(000000025, 000000027, 'municipios', 'id', 'id_municipio_documento', 'paises', 'id', 'departamentos', 'id_pais', '', 0, '1', 0, '0', 000001, '2013-12-23 11:20:17'),
(000000026, 000000027, 'municipios', 'id', 'id_municipio_documento', 'departamentos', 'codigo_dane_departamento', '', '', 'DEPARTAMENTO-IDENTIFICACION', 24, '1', 2, '0', 000001, '2013-12-23 11:20:17'),
(000000027, 000000027, 'municipios', 'id', 'id_municipio_documento', 'municipios', 'id_departamento', 'departamentos', 'id', '', 0, '1', 0, '0', 000001, '2013-12-23 11:20:17'),
(000000028, 000000027, 'municipios', 'id', 'id_municipio_documento', 'municipios', 'codigo_dane_municipio', '', '', 'CIUDAD-IDENTIFICACION', 25, '1', 3, '0', 000001, '2013-12-23 11:20:17'),
(000000029, 000000028, 'localidades', 'id', 'id_localidad', 'paises', 'id', '', '', 'PAIS-IDENTIFICACION', 26, '1', 3, '0', 000001, '2013-12-23 14:05:01'),
(000000030, 000000028, 'localidades', 'id', 'id_localidad', 'paises', 'id', 'departamentos', 'id_pais', '', 0, '1', 0, '0', 000001, '2013-12-23 14:05:02'),
(000000031, 000000028, 'localidades', 'id', 'id_localidad', 'departamentos', 'codigo_dane_departamento', '', '', 'DEPARTAMENTO-IDENTIFICACION', 27, '1', 2, '0', 000001, '2013-12-23 14:05:02'),
(000000032, 000000028, 'localidades', 'id', 'id_localidad', 'departamentos', 'id', 'municipios', 'id_departamento', '', 0, '1', 0, '0', 000001, '2013-12-23 14:05:02'),
(000000033, 000000028, 'localidades', 'id', 'id_localidad', 'municipios', 'codigo_dane_municipio', '', '', 'CIUDAD-IDENTIFICACION', 28, '1', 3, '0', 000001, '2013-12-23 14:05:02'),
(000000034, 000000028, 'localidades', 'id', 'id_localidad', 'municipios', 'id', 'localidades', 'id_municipio', '', 0, '1', 0, '0', 000001, '2013-12-23 14:05:02'),
(000000035, 000000028, 'localidades', 'id', 'id_localidad', 'localidades', 'codigo_dane_localidad', '', '', 'CIUDAD-IDENTIFICACION', 28, '1', 3, '0', 000001, '2013-12-23 14:05:02'),
(000000036, 000000028, 'municipios', 'id', 'id_municipio_documento', 'paises', 'id', '', '', 'PAIS-IDENTIFICACION', 26, '1', 3, '0', 000001, '2013-12-23 14:05:02'),
(000000037, 000000028, 'municipios', 'id', 'id_municipio_documento', 'paises', 'id', 'departamentos', 'id_pais', '', 0, '1', 0, '0', 000001, '2013-12-23 14:05:02'),
(000000038, 000000028, 'municipios', 'id', 'id_municipio_documento', 'departamentos', 'codigo_dane_departamento', '', '', 'DEPARTAMENTO-IDENTIFICACION', 27, '1', 2, '0', 000001, '2013-12-23 14:05:02'),
(000000039, 000000028, 'municipios', 'id', 'id_municipio_documento', 'departamentos', 'id', 'municipios', 'id_departamento', '', 0, '1', 0, '0', 000001, '2013-12-23 14:05:02'),
(000000040, 000000028, 'municipios', 'id', 'id_municipio_documento', 'municipios', 'codigo_dane_municipio', '', '', 'CIUDAD-IDENTIFICACION', 28, '1', 3, '0', 000001, '2013-12-23 14:05:02'),
(000000041, 000000029, 'terceros', 'id', 'id_comprador', 'terceros', 'id', '', '', 'COMPRADOR', 33, '1', 15, '0', 000001, '2014-01-05 15:01:01'),
(000000042, 000000029, 'terceros', 'id', 'id_tercero', 'terceros', 'documento_identidad', '', '', 'DOC-IDENT', 16, '1', 15, '0', 000001, '2014-01-05 15:01:01'),
(000000043, 000000029, 'criterio_subnivel_articulos', 'id', 'id_criterio_subnivel_articulo', 'subnivel_articulos', 'subnivel', '', '', 'SUB-NIVEL', 29, '1', 2, '0', 000001, '2014-01-05 15:01:01'),
(000000044, 000000029, 'criterio_subnivel_articulos', 'id', 'id_criterio_subnivel_articulo', 'subnivel_articulos', 'id', 'criterio_subnivel_articulos', 'id_subnivel_articulo', '', 0, '1', 0, '0', 000001, '2014-01-05 15:01:01'),
(000000045, 000000029, 'criterio_subnivel_articulos', 'id', 'id_criterio_subnivel_articulo', 'criterio_subnivel_articulos', 'criterio', '', '', 'CRITERIO', 30, '1', 2, '0', 000001, '2014-01-05 15:01:01'),
(000000046, 000000029, 'estructura_grupos', 'id', 'id_estructura_grupo', 'estructura_grupos', 'id_categoria', '', '', 'CATEGORIA', 5, '1', 2, '0', 000001, '2014-01-05 15:01:01'),
(000000047, 000000029, 'estructura_grupos', 'id', 'id_estructura_grupo', 'estructura_grupos', 'id_grupo1', '', '', 'GRUPO-1', 6, '1', 3, '0', 000001, '2014-01-05 15:01:01'),
(000000048, 000000029, 'estructura_grupos', 'id', 'id_estructura_grupo', 'estructura_grupos', 'id_grupo2', '', '', 'GRUPO-2', 7, '1', 3, '0', 000001, '2014-01-05 15:01:01'),
(000000049, 000000029, 'estructura_grupos', 'id', 'id_estructura_grupo', 'estructura_grupos', 'id_grupo3', '', '', 'GRUPO-3', 8, '1', 4, '0', 000001, '2014-01-05 15:01:01'),
(000000050, 000000029, 'estructura_grupos', 'id', 'id_estructura_grupo', 'estructura_grupos', 'id_grupo4', '', '', 'GRUPO-4', 9, '1', 4, '0', 000001, '2014-01-05 15:01:01'),
(000000051, 000000029, 'estructura_grupos', 'id', 'id_estructura_grupo', 'estructura_grupos', 'id_grupo5', '', '', 'GRUPO-5', 10, '1', 3, '0', 000001, '2014-01-05 15:01:01'),
(000000052, 000000029, 'estructura_grupos', 'id', 'id_estructura_grupo', 'estructura_grupos', 'id_grupo6', '', '', 'GRUPO-6', 11, '1', 3, '0', 000001, '2014-01-05 15:01:01'),
(000000053, 000000030, 'terceros', 'id', 'id_tercero', 'terceros', 'documento_identidad', '', '', 'DOCUMENTO DE IDENTIDAD', 9, '1', 15, '0', 000001, '2013-12-23 16:47:36'),
(000000054, 000000030, 'articulos', 'id', 'id_articulo', 'articulos', 'codigo', '', '', 'CODIGO DEL ARTICULO', 2, '1', 6, '1', 000001, '2013-12-23 16:47:36'),
(000000055, 000000030, 'articulos', 'id', 'id_articulo', 'articulos', 'id_sucursal', '', '', 'CENTRO CONTABLE', 3, '1', 3, '1', 000001, '2013-12-23 16:47:36'),
(000000056, 000000031, 'articulos', 'id', 'id_articulo', 'articulos', 'codigo', '', '', 'CODIGO DEL ARTICULO', 2, '1', 6, '1', 000001, '2013-12-30 11:28:48'),
(000000057, 000000031, 'articulos', 'id', 'id_articulo', 'articulos', 'id_sucursal', '', '', 'CENTRO CONTABLE (DEL ARTICULO)', 3, '1', 3, '1', 000001, '2013-12-30 11:28:48'),
(000000058, 000000032, 'articulos', 'id', 'id_articulo', 'articulos', 'codigo', '', '', 'CODIGO DEL ARTICULO', 2, '1', 6, '1', 000001, '2013-12-23 17:15:33'),
(000000059, 000000032, 'articulos', 'id', 'id_articulo', 'articulos', 'id_sucursal', '', '', 'CENTRO CONTABLE (DEL ARTICULO)', 3, '1', 3, '1', 000001, '2013-12-23 17:15:33'),
(000000060, 000000034, 'propuesta_pedidos', 'id', 'id_propuesta_pedido', 'propuesta_pedidos', 'id_sucursal', '', '', 'SUCURSAL', 3, '1', 3, '1', 000001, '2014-01-18 12:23:54'),
(000000061, 000000034, 'articulos', 'id', 'id_articulo', 'articulos', 'codigo', '', '', 'CODIGO-ARTICULO', 8, '1', 3, '', 000001, '2014-01-18 12:23:54'),
(000000062, 000000034, 'articulos', 'id', 'id_articulo', 'articulos', 'id_sucursal', '', '', 'SUCURSAL-ARTICULO', 9, '1', 3, '0', 000001, '2014-01-18 12:23:54'),
(000000063, 000000034, 'propuesta_pedidos', 'id', 'id_propuesta_pedido', 'propuesta_pedidos', 'id_tipo_documento', '', '', 'CODIGO TIPO DOCUMENTO', 4, '1', 4, '1', 000001, '2014-01-18 12:23:54'),
(000000064, 000000034, 'propuesta_pedidos', 'id', 'id_propuesta_pedido', 'propuesta_pedidos', 'fecha_documento', '', '', 'FECHA DOCUMENTO', 5, '3', 8, '1', 000001, '2014-01-18 12:23:54'),
(000000065, 000000034, 'propuesta_pedidos', 'id', 'id_propuesta_pedido', 'propuesta_pedidos', 'numero_consecutivo', '', '', 'NUMERO DOCUMENTO', 6, '1', 8, '1', 000001, '2014-01-18 12:23:54'),
(000000066, 000000035, 'usuarios', 'id', 'id_usuario_autoriza_diferencias', 'usuarios', 'usuario', '', '', 'USUARIO-AUTORIZA-DIFERENCIAS', 26, '2', 15, '0', 000001, '2014-01-18 13:15:46'),
(000000067, 000000035, 'usuarios', 'id', 'id_usuario_orden_compra', 'usuarios', 'usuario', '', '', 'USUARIO-ORDEN-COMPRA', 20, '2', 15, '0', 000001, '2014-01-18 13:15:46'),
(000000068, 000000035, 'usuarios', 'id', 'id_usuario_aprobacion_proveedor', 'usuarios', 'usuario', '', '', 'USUARIO-ACEPTA', 24, '2', 15, '0', 000001, '2014-01-18 13:15:46'),
(000000069, 000000035, 'usuarios', 'id', 'id_usuario_aprueba', 'usuarios', 'usuario', '', '', 'USUARIO-APRUEBA', 22, '2', 15, '0', 000001, '2014-01-18 13:15:46'),
(000000070, 000000035, 'usuarios', 'id', 'id_usuario_anula', 'usuarios', 'usuario', '', '', 'USUARIO-ANULA', 18, '2', 15, '0', 000001, '2014-01-18 13:15:46'),
(000000071, 000000035, 'usuarios', 'id', 'id_usuario_registra', 'usuarios', 'usuario', '', '', 'USUARIO-GRABO', 17, '2', 15, '0', 000001, '2014-01-18 13:15:46'),
(000000072, 000000035, 'terceros', 'id', 'id_proveedor', 'terceros', 'documento_identidad', '', '', 'DOCUMENTO-PROVEEDOR', 12, '1', 15, '0', 000001, '2014-01-18 13:15:46'),
(000000073, 000000035, 'compradores', 'id', 'id_comprador', 'compradores', 'id_tercero', 'terceros', 'id', '', 0, '1', 0, '0', 000001, '2014-01-18 13:15:46'),
(000000074, 000000035, 'compradores', 'id', 'id_comprador', 'terceros', 'documento_identidad', '', '', 'COMPRADOR', 13, '2', 15, '0', 000001, '2014-01-18 13:15:46'),
(000000075, 000000035, 'propuesta_pedidos', 'id', 'id_propuesta_pedido', 'propuesta_pedidos', 'id_sucursal', '', '', 'SUCURSAL-PEDIDO', 8, '1', 3, '0', 000001, '2014-01-18 13:15:46'),
(000000076, 000000035, 'propuesta_pedidos', 'id', 'id_propuesta_pedido', 'propuesta_pedidos', 'id_tipo_documento', '', '', 'TIPO-DOCTO-PEDIDO', 9, '1', 3, '0', 000001, '2014-01-18 13:15:46'),
(000000077, 000000035, 'propuesta_pedidos', 'id', 'id_propuesta_pedido', 'propuesta_pedidos', 'fecha_documento', '', '', 'FECHA-PEDIDO', 10, '3', 8, '0', 000001, '2014-01-18 13:15:46'),
(000000078, 000000035, 'propuesta_pedidos', 'id', 'id_propuesta_pedido', 'propuesta_pedidos', 'numero_consecutivo', '', '', 'NUMERO-PEDIDO', 11, '1', 8, '0', 000001, '2014-01-18 13:15:46'),
(000000079, 000000036, 'articulos', 'id', 'id_articulo', 'articulos', 'codigo', '', '', 'CODIGO-ARTICULO', 8, '1', 6, '0', 000001, '2014-01-18 13:30:25'),
(000000080, 000000036, 'articulos', 'id', 'id_articulo', 'articulos', 'id_sucursal', '', '', 'SUCURSAL-ARTICULO', 9, '1', 3, '0', 000001, '2014-01-18 13:30:25'),
(000000081, 000000036, 'conceptos_criterio_subnivel_articulos', 'id', 'id_concepto_criterio_subnivel_articulo', 'subnivel_articulos', 'subnivel', '', '', 'SUBNIVEL-ARTICULO', 11, '2', 3, '0', 000001, '2014-01-18 13:30:25'),
(000000082, 000000036, 'conceptos_criterio_subnivel_articulos', 'id', 'id_concepto_criterio_subnivel_articulo', 'subnivel_articulos', 'id', 'criterio_subnivel_articulos', 'id_subnivel_articulo', '', 0, '1', 0, '0', 000001, '2014-01-18 13:30:25'),
(000000083, 000000036, 'conceptos_criterio_subnivel_articulos', 'id', 'id_concepto_criterio_subnivel_articulo', 'criterio_subnivel_articulos', 'criterio', '', '', 'CRITERIO-ARTICULO', 12, '2', 3, '0', 000001, '2014-01-18 13:30:25'),
(000000084, 000000036, 'conceptos_criterio_subnivel_articulos', 'id', 'id_concepto_criterio_subnivel_articulo', 'criterio_subnivel_articulos', 'id', 'conceptos_criterio_subnivel_articulos', 'id_criterio_subnivel_articulo', '', 0, '1', 0, '0', 000001, '2014-01-18 13:30:25'),
(000000085, 000000036, 'conceptos_criterio_subnivel_articulos', 'id', 'id_concepto_criterio_subnivel_articulo', 'conceptos_criterio_subnivel_articulos', 'concepto', '', '', 'CONCEPTO-ARTICULO', 13, '2', 3, '0', 000001, '2014-01-18 13:30:25'),
(000000086, 000000036, 'ordenes_compra', 'id', 'id_orden_compra', 'ordenes_compra', 'id_sucursal', '', '', 'SUCURSAL-ORDEN', 3, '1', 3, '1', 000001, '2014-01-18 13:30:25'),
(000000087, 000000036, 'ordenes_compra', 'id', 'id_orden_compra', 'ordenes_compra', 'id_tipo_documento', '', '', 'TIPO-DOCUMENTO-ORDEN', 4, '1', 3, '1', 000001, '2014-01-18 13:30:25'),
(000000088, 000000036, 'ordenes_compra', 'id', 'id_orden_compra', 'ordenes_compra', 'fecha_documento', '', '', 'FECHA-ORDEN', 5, '3', 8, '1', 000001, '2014-01-18 13:30:25'),
(000000089, 000000036, 'ordenes_compra', 'id', 'id_orden_compra', 'ordenes_compra', 'numero_consecutivo', '', '', 'NUMERO-ORDEN', 6, '1', 8, '1', 000001, '2014-01-18 13:30:25'),
(000000090, 000000038, 'articulos', 'id', 'id_articulo', 'articulos', 'codigo', '', '', 'CODIGO_ARTICULO', 2, '1', 6, '1', 000001, '2014-02-20 17:42:16'),
(000000091, 000000038, 'articulos', 'id', 'id_articulo', 'articulos', 'id_sucursal', '', '', 'CODIGO_SUCURSAL_ARTICULO', 3, '1', 3, '1', 000001, '2014-02-20 17:42:16');


/*!40101 SET CHARACTER_SET_CLIENT=@OLD_CHARACTER_SET_CLIENT */;
/*!40101 SET CHARACTER_SET_RESULTS=@OLD_CHARACTER_SET_RESULTS */;
/*!40101 SET COLLATION_CONNECTION=@OLD_COLLATION_CONNECTION */;
